Groupe,Conversions,Total Utilisateurs,Taux de Conversion,p-value
A,612806,633710,0.9670133026147607,0.2615457554044032
B,612356,633012,0.9673687070703241,0.2615457554044032
