Groupe,Conversions,Total Utilisateurs,Taux de Conversion,p-value
A,612453,633329,0.967037669205105,0.33298273173137904
B,612709,633393,0.9673441291583582,0.33298273173137904
